
{
  "id": 1234,
  "name": "Wilson",
  "card": 323122,
  "transaction": [{
    "date": "2011/04/25",
    "refNumber": "77162250",
    "transactionDetails": "MakeMyTrip co.",
    "category": "Travel",
    "amount": 500
  },{
    "date": "2011/04/23",
    "refNumber": "77162251",
    "transactionDetails": "subway",
    "category": "food",
    "amount": 200
  },{
    "date": "2011/04/25",
    "refNumber": "77162251",
    "transactionDetails": "subway",
    "category": "shopping",
    "amount": 200
  },{
    "date": "2011/04/25",
    "refNumber": "77162251",
    "transactionDetails": "subway",
    "category": "shopping",
    "amount": 200
  },{
    "date": "2011/04/25",
    "refNumber": "77162251",
    "transactionDetails": "subway",
    "category": "food",
    "amount": 200
  },{
    "date": "2011/04/25",
    "refNumber": "77162251",
    "transactionDetails": "subway",
    "category": "food",
    "amount": 200
  },{
    "date": "2011/04/25",
    "refNumber": "77162251",
    "transactionDetails": "subway",
    "category": "Travel",
    "amount": 200
  },{
    "date": "2011/04/25",
    "refNumber": "77162251",
    "transactionDetails": "subway",
    "category": "food",
    "amount": 200
  },{
    "date": "2011/04/25",
    "refNumber": "77162251",
    "transactionDetails": "subway",
    "category": "Travel",
    "amount": 200
  },{
    "date": "2011/04/25",
    "refNumber": "77162251",
    "transactionDetails": "subway",
    "category": "Travel",
    "amount": 200
  },{
    "date": "2011/04/25",
    "refNumber": "77162251",
    "transactionDetails": "subway",
    "category": "food",
    "amount": 200
  }]
}